timestamp,type,duration,patient,Date,Time
2022-09-15 10:02:31,outgoing,5,U6200731616,2022-09-15,10:02:31
2022-10-03 18:23:09,outgoing,504,U6200731616,2022-10-03,18:23:09
2022-07-06 18:58:59,outgoing,391,U0691849531,2022-07-06,18:58:59
2022-06-17 13:27:42,outgoing,2,U5052789701,2022-06-17,13:27:42
2022-06-17 16:23:38,outgoing,38,U5052789701,2022-06-17,16:23:38
2022-06-17 16:26:52,incoming,56,U5052789701,2022-06-17,16:26:52
2022-06-17 16:58:46,outgoing,27,U5052789701,2022-06-17,16:58:46
2022-06-17 18:54:53,incoming,39,U5052789701,2022-06-17,18:54:53
2022-10-04 06:17:46,outgoing,4,U6200731616,2022-10-04,06:17:46
2022-10-04 06:21:50,incoming,73,U6200731616,2022-10-04,06:21:50
2022-10-04 07:47:03,outgoing,46,U6200731616,2022-10-04,07:47:03
2022-10-04 07:48:02,outgoing,53,U6200731616,2022-10-04,07:48:02
2022-10-04 12:46:00,outgoing,40,U6200731616,2022-10-04,12:46:00
2022-10-04 14:55:47,outgoing,9,U6200731616,2022-10-04,14:55:47
2022-10-04 14:56:40,outgoing,0,U6200731616,2022-10-04,14:56:40
2022-08-25 09:53:08,outgoing,89,U0691849531,2022-08-25,09:53:08
2022-08-25 12:14:53,outgoing,2,U0691849531,2022-08-25,12:14:53
2022-08-25 14:07:23,outgoing,547,U0691849531,2022-08-25,14:07:23
2022-08-25 17:36:15,incoming,347,U0691849531,2022-08-25,17:36:15
2022-09-24 05:58:20,outgoing,75,U6200731616,2022-09-24,05:58:20
2022-09-24 19:10:36,incoming,127,U6200731616,2022-09-24,19:10:36
2022-09-24 19:13:30,incoming,56,U6200731616,2022-09-24,19:13:30
2022-09-20 19:20:29,outgoing,1049,U6200731616,2022-09-20,19:20:29
2022-09-20 20:24:44,outgoing,4,U6200731616,2022-09-20,20:24:44
2022-07-21 12:30:50,outgoing,16,U5052789701,2022-07-21,12:30:50
2022-07-21 14:10:49,outgoing,37,U5052789701,2022-07-21,14:10:49
2022-07-21 17:55:01,outgoing,1,U5052789701,2022-07-21,17:55:01
2022-09-12 14:33:17,incoming,22,U6200731616,2022-09-12,14:33:17
2022-09-12 19:43:37,outgoing,3798,U6200731616,2022-09-12,19:43:37
2022-09-19 11:33:46,outgoing,26,U0691849531,2022-09-19,11:33:46
2022-09-19 16:12:39,outgoing,4232,U0691849531,2022-09-19,16:12:39
2022-05-27 08:10:29,outgoing,5,U0691849531,2022-05-27,08:10:29
2022-05-27 08:23:05,incoming,507,U0691849531,2022-05-27,08:23:05
2022-05-27 10:29:28,incoming,2104,U0691849531,2022-05-27,10:29:28
2022-05-27 10:59:00,outgoing,149,U0691849531,2022-05-27,10:59:00
2022-05-27 13:53:50,incoming,4081,U0691849531,2022-05-27,13:53:50
2022-05-27 16:02:26,outgoing,12,U0691849531,2022-05-27,16:02:26
2022-05-27 16:26:27,outgoing,1419,U0691849531,2022-05-27,16:26:27
2022-05-27 17:23:32,outgoing,101,U0691849531,2022-05-27,17:23:32
2022-05-27 17:32:36,incoming,213,U0691849531,2022-05-27,17:32:36
2022-05-27 19:29:33,incoming,1739,U0691849531,2022-05-27,19:29:33
2022-05-27 19:56:15,incoming,776,U0691849531,2022-05-27,19:56:15
2022-05-27 20:30:51,incoming,2076,U0691849531,2022-05-27,20:30:51
2022-07-27 16:57:10,missed,0,U5052789701,2022-07-27,16:57:10
2022-07-27 16:59:41,outgoing,23,U5052789701,2022-07-27,16:59:41
2022-07-27 17:40:42,incoming,31,U5052789701,2022-07-27,17:40:42
2022-08-13 07:47:33,outgoing,11,U6200731616,2022-08-13,07:47:33
2022-08-13 10:05:55,incoming,10,U6200731616,2022-08-13,10:05:55
2022-08-13 14:50:30,outgoing,19,U6200731616,2022-08-13,14:50:30
2022-08-13 17:27:40,outgoing,85,U6200731616,2022-08-13,17:27:40
2022-10-10 14:00:26,incoming,110,U6200731616,2022-10-10,14:00:26
2022-06-08 19:23:30,outgoing,38,U5052789701,2022-06-08,19:23:30
2022-06-08 19:24:42,outgoing,9,U5052789701,2022-06-08,19:24:42
2022-07-20 12:55:48,incoming,56,U5052789701,2022-07-20,12:55:48
2022-07-20 14:42:50,incoming,36,U5052789701,2022-07-20,14:42:50
2022-09-21 10:05:25,incoming,17,U0691849531,2022-09-21,10:05:25
2022-09-21 17:06:02,outgoing,1,U0691849531,2022-09-21,17:06:02
2022-09-21 17:41:27,outgoing,738,U0691849531,2022-09-21,17:41:27
2022-08-08 02:08:17,outgoing,22,U0691849531,2022-08-08,02:08:17
2022-08-08 18:03:08,outgoing,2625,U0691849531,2022-08-08,18:03:08
2022-08-08 19:07:54,outgoing,5,U0691849531,2022-08-08,19:07:54
2022-09-11 12:58:45,outgoing,30,U6200731616,2022-09-11,12:58:45
2022-09-26 10:51:09,incoming,73,U6200731616,2022-09-26,10:51:09
2022-09-26 14:25:01,incoming,65,U6200731616,2022-09-26,14:25:01
2022-09-26 14:28:09,outgoing,6,U6200731616,2022-09-26,14:28:09
2022-09-26 14:28:51,incoming,28,U6200731616,2022-09-26,14:28:51
2022-09-26 14:29:20,incoming,14,U6200731616,2022-09-26,14:29:20
2022-08-09 09:57:28,outgoing,28,U5052789701,2022-08-09,09:57:28
2022-08-09 11:15:41,incoming,42,U5052789701,2022-08-09,11:15:41
2022-06-24 13:20:41,missed,0,U5052789701,2022-06-24,13:20:41
2022-06-24 19:50:56,outgoing,37,U5052789701,2022-06-24,19:50:56
2022-07-15 10:35:53,incoming,28,U5052789701,2022-07-15,10:35:53
2022-07-15 11:02:52,incoming,28,U5052789701,2022-07-15,11:02:52
2022-07-15 14:07:41,outgoing,41,U5052789701,2022-07-15,14:07:41
2022-07-15 14:39:19,outgoing,19,U5052789701,2022-07-15,14:39:19
2022-07-15 15:20:23,outgoing,23,U5052789701,2022-07-15,15:20:23
2022-07-15 16:38:26,outgoing,26,U5052789701,2022-07-15,16:38:26
2022-07-15 17:01:41,incoming,25,U5052789701,2022-07-15,17:01:41
2022-09-14 07:52:23,incoming,389,U6200731616,2022-09-14,07:52:23
2022-09-14 09:32:40,incoming,11,U6200731616,2022-09-14,09:32:40
2022-09-14 09:34:16,incoming,34,U6200731616,2022-09-14,09:34:16
2022-07-09 09:20:06,incoming,27,U0691849531,2022-07-09,09:20:06
2022-07-09 10:16:36,incoming,130,U0691849531,2022-07-09,10:16:36
2022-07-09 10:30:57,outgoing,31,U0691849531,2022-07-09,10:30:57
2022-07-09 17:45:03,outgoing,6,U0691849531,2022-07-09,17:45:03
2022-07-09 17:45:38,outgoing,26,U0691849531,2022-07-09,17:45:38
2022-07-26 08:09:37,missed,0,U5052789701,2022-07-26,08:09:37
2022-07-26 08:58:55,outgoing,55,U5052789701,2022-07-26,08:58:55
2022-07-26 14:20:49,incoming,47,U5052789701,2022-07-26,14:20:49
2022-07-26 14:23:52,outgoing,54,U5052789701,2022-07-26,14:23:52
2022-07-26 16:22:10,incoming,48,U5052789701,2022-07-26,16:22:10
2022-07-26 16:22:59,outgoing,38,U5052789701,2022-07-26,16:22:59
2022-07-26 18:00:47,incoming,54,U5052789701,2022-07-26,18:00:47
2022-07-26 20:54:14,missed,0,U5052789701,2022-07-26,20:54:14
2022-07-26 20:54:46,outgoing,20,U5052789701,2022-07-26,20:54:46
2022-05-30 23:13:30,outgoing,3,U0691849531,2022-05-30,23:13:30
2022-05-30 23:49:54,incoming,1941,U0691849531,2022-05-30,23:49:54
2022-05-31 09:22:55,incoming,1318,U0691849531,2022-05-31,09:22:55
2022-05-31 09:27:42,outgoing,3,U0691849531,2022-05-31,09:27:42
2022-05-31 09:35:55,incoming,482,U0691849531,2022-05-31,09:35:55
2022-05-31 10:27:43,incoming,340,U0691849531,2022-05-31,10:27:43
2022-05-31 10:35:56,outgoing,301,U0691849531,2022-05-31,10:35:56
2022-05-31 11:24:19,incoming,43,U0691849531,2022-05-31,11:24:19
2022-05-31 11:39:39,incoming,7,U0691849531,2022-05-31,11:39:39
2022-05-31 13:01:59,outgoing,57,U0691849531,2022-05-31,13:01:59
2022-05-31 17:46:18,incoming,10,U0691849531,2022-05-31,17:46:18
2022-05-31 19:58:51,incoming,152,U0691849531,2022-05-31,19:58:51
2022-07-17 10:31:56,missed,0,U5052789701,2022-07-17,10:31:56
2022-07-17 14:56:58,incoming,35,U5052789701,2022-07-17,14:56:58
2022-07-17 15:05:29,incoming,49,U5052789701,2022-07-17,15:05:29
2022-07-17 16:05:36,incoming,38,U5052789701,2022-07-17,16:05:36
2022-07-17 18:00:26,incoming,38,U5052789701,2022-07-17,18:00:26
2022-07-17 18:02:37,missed,0,U5052789701,2022-07-17,18:02:37
2022-07-17 18:03:25,missed,0,U5052789701,2022-07-17,18:03:25
2022-08-22 09:15:34,outgoing,45,U0691849531,2022-08-22,09:15:34
2022-08-22 19:10:19,incoming,5275,U0691849531,2022-08-22,19:10:19
2022-05-25 21:45:47,incoming,1218,U0691849531,2022-05-25,21:45:47
2022-05-26 08:41:39,outgoing,36,U0691849531,2022-05-26,08:41:39
2022-05-26 08:41:59,outgoing,5,U0691849531,2022-05-26,08:41:59
2022-05-26 08:45:18,incoming,168,U0691849531,2022-05-26,08:45:18
2022-05-26 09:34:11,incoming,960,U0691849531,2022-05-26,09:34:11
2022-05-26 11:34:57,outgoing,27,U0691849531,2022-05-26,11:34:57
2022-05-26 15:50:14,outgoing,3,U0691849531,2022-05-26,15:50:14
2022-05-26 19:44:46,incoming,1584,U0691849531,2022-05-26,19:44:46
2022-05-26 20:26:52,incoming,2510,U0691849531,2022-05-26,20:26:52
2022-05-26 20:48:45,incoming,1313,U0691849531,2022-05-26,20:48:45
2022-09-04 18:35:22,outgoing,932,U0691849531,2022-09-04,18:35:22
2022-07-28 06:41:31,incoming,326,U0691849531,2022-07-28,06:41:31
2022-07-28 06:56:34,outgoing,826,U0691849531,2022-07-28,06:56:34
2022-07-28 08:45:21,outgoing,16,U0691849531,2022-07-28,08:45:21
2022-07-28 09:34:12,outgoing,2911,U0691849531,2022-07-28,09:34:12
2022-07-28 17:58:31,incoming,504,U0691849531,2022-07-28,17:58:31
2022-07-28 18:59:10,outgoing,1,U0691849531,2022-07-28,18:59:10
2022-07-03 15:37:20,incoming,52,U5052789701,2022-07-03,15:37:20
2022-07-03 16:51:25,outgoing,20,U5052789701,2022-07-03,16:51:25
2022-08-11 11:47:05,outgoing,170,U6200731616,2022-08-11,11:47:05
2022-08-11 12:01:56,outgoing,256,U6200731616,2022-08-11,12:01:56
2022-08-11 12:02:35,outgoing,25,U6200731616,2022-08-11,12:02:35
2022-08-04 14:47:56,incoming,2495,U0691849531,2022-08-04,14:47:56
2022-08-04 19:11:12,outgoing,498,U0691849531,2022-08-04,19:11:12
2022-06-11 12:50:46,outgoing,39,U5052789701,2022-06-11,12:50:46
2022-06-11 14:20:41,outgoing,29,U5052789701,2022-06-11,14:20:41
2022-06-11 17:49:03,incoming,42,U5052789701,2022-06-11,17:49:03
2022-06-11 17:50:49,outgoing,26,U5052789701,2022-06-11,17:50:49
2022-06-11 20:10:57,outgoing,50,U5052789701,2022-06-11,20:10:57
2022-07-08 12:08:58,incoming,20,U0691849531,2022-07-08,12:08:58
2022-07-08 12:09:38,outgoing,5,U0691849531,2022-07-08,12:09:38
2022-07-08 12:15:37,outgoing,4,U0691849531,2022-07-08,12:15:37
2022-07-08 13:25:16,incoming,3311,U0691849531,2022-07-08,13:25:16
2022-07-08 13:42:04,incoming,716,U0691849531,2022-07-08,13:42:04
2022-08-05 11:36:48,missed,0,U5052789701,2022-08-05,11:36:48
2022-08-05 13:34:38,outgoing,36,U5052789701,2022-08-05,13:34:38
2022-08-05 16:40:16,incoming,17,U5052789701,2022-08-05,16:40:16
2022-10-05 07:26:50,incoming,42,U0691849531,2022-10-05,07:26:50
2022-10-05 13:37:59,incoming,430,U0691849531,2022-10-05,13:37:59
2022-07-22 11:56:06,incoming,25,U5052789701,2022-07-22,11:56:06
2022-10-09 08:29:17,incoming,47,U6200731616,2022-10-09,08:29:17
2022-10-09 08:29:27,outgoing,4,U6200731616,2022-10-09,08:29:27
2022-10-09 09:02:00,incoming,57,U6200731616,2022-10-09,09:02:00
2022-10-09 09:52:55,incoming,45,U6200731616,2022-10-09,09:52:55
2022-07-05 18:05:05,incoming,1333,U0691849531,2022-07-05,18:05:05
2022-07-12 09:01:22,outgoing,40,U5052789701,2022-07-12,09:01:22
2022-08-06 12:47:21,incoming,25,U5052789701,2022-08-06,12:47:21
2022-08-06 13:06:20,incoming,39,U5052789701,2022-08-06,13:06:20
2022-08-06 13:08:09,outgoing,39,U5052789701,2022-08-06,13:08:09
2022-08-06 17:27:05,outgoing,57,U5052789701,2022-08-06,17:27:05
2022-08-14 06:14:46,incoming,6,U6200731616,2022-08-14,06:14:46
2022-07-19 14:39:47,incoming,24,U5052789701,2022-07-19,14:39:47
2022-08-16 21:13:46,outgoing,5253,U6200731616,2022-08-16,21:13:46
2022-08-17 12:11:58,outgoing,41,U6200731616,2022-08-17,12:11:58
2022-08-17 12:31:27,outgoing,171,U6200731616,2022-08-17,12:31:27
2022-10-12 07:13:49,incoming,233,U6623333178,2022-10-12,07:13:49
2022-06-21 19:44:04,incoming,0,U0691849531,2022-06-21,19:44:04
2022-09-27 08:01:44,incoming,26,U6200731616,2022-09-27,08:01:44
2022-07-18 09:18:36,outgoing,42,U5052789701,2022-07-18,09:18:36
2022-07-18 09:24:40,outgoing,32,U5052789701,2022-07-18,09:24:40
2022-07-18 11:06:38,outgoing,13,U5052789701,2022-07-18,11:06:38
2022-07-18 11:07:03,outgoing,8,U5052789701,2022-07-18,11:07:03
2022-07-18 11:32:23,outgoing,14,U5052789701,2022-07-18,11:32:23
2022-07-18 14:29:56,incoming,38,U5052789701,2022-07-18,14:29:56
2022-08-18 11:57:36,outgoing,216,U6200731616,2022-08-18,11:57:36
2022-08-18 13:01:48,outgoing,75,U6200731616,2022-08-18,13:01:48
2022-08-18 20:26:19,outgoing,27,U6200731616,2022-08-18,20:26:19
2022-08-18 20:27:35,incoming,21,U6200731616,2022-08-18,20:27:35
2022-08-18 20:29:15,incoming,23,U6200731616,2022-08-18,20:29:15
2022-08-18 20:32:52,outgoing,98,U6200731616,2022-08-18,20:32:52
2022-09-28 07:24:30,outgoing,447,U6200731616,2022-09-28,07:24:30
2022-09-28 08:46:47,outgoing,4869,U6200731616,2022-09-28,08:46:47
2022-09-28 09:26:43,incoming,2234,U6200731616,2022-09-28,09:26:43
2022-09-28 09:34:00,outgoing,29,U6200731616,2022-09-28,09:34:00
2022-09-28 20:02:21,incoming,60,U6200731616,2022-09-28,20:02:21
2022-09-25 10:34:57,incoming,2139,U6200731616,2022-09-25,10:34:57
2022-09-25 10:38:42,incoming,224,U6200731616,2022-09-25,10:38:42
2022-09-25 12:09:04,outgoing,78,U6200731616,2022-09-25,12:09:04
2022-09-25 12:41:54,incoming,64,U6200731616,2022-09-25,12:41:54
2022-09-25 14:52:57,incoming,62,U6200731616,2022-09-25,14:52:57
2022-09-25 15:05:54,outgoing,36,U6200731616,2022-09-25,15:05:54
2022-09-25 15:23:10,incoming,6,U6200731616,2022-09-25,15:23:10
2022-09-25 15:26:46,outgoing,86,U6200731616,2022-09-25,15:26:46
2022-09-25 15:26:53,outgoing,0,U6200731616,2022-09-25,15:26:53
2022-09-25 15:35:09,outgoing,8,U6200731616,2022-09-25,15:35:09
2022-09-25 17:51:31,incoming,215,U6200731616,2022-09-25,17:51:31
2022-09-21 22:33:32,incoming,290,U6200731616,2022-09-21,22:33:32
2022-09-22 14:45:38,outgoing,81,U6200731616,2022-09-22,14:45:38
2022-08-15 16:30:11,incoming,27,U6200731616,2022-08-15,16:30:11
2022-06-04 12:24:02,outgoing,0,U5052789701,2022-06-04,12:24:02
2022-06-04 12:24:47,outgoing,39,U5052789701,2022-06-04,12:24:47
2022-06-04 15:30:15,incoming,11,U5052789701,2022-06-04,15:30:15
2022-06-04 19:12:23,outgoing,0,U5052789701,2022-06-04,19:12:23
2022-06-04 19:50:59,outgoing,44,U5052789701,2022-06-04,19:50:59
2022-06-04 19:51:36,outgoing,34,U5052789701,2022-06-04,19:51:36
2022-06-30 21:31:37,outgoing,1786,U0691849531,2022-06-30,21:31:37
2022-06-30 22:20:53,outgoing,2904,U0691849531,2022-06-30,22:20:53
2022-07-01 12:41:10,incoming,4488,U0691849531,2022-07-01,12:41:10
2022-07-01 19:01:37,incoming,5083,U0691849531,2022-07-01,19:01:37
2022-07-01 19:02:25,outgoing,2,U0691849531,2022-07-01,19:02:25
2022-06-22 09:01:44,outgoing,180,U0691849531,2022-06-22,09:01:44
2022-06-22 13:51:56,incoming,1358,U0691849531,2022-06-22,13:51:56
2022-06-03 17:52:51,outgoing,9,U5052789701,2022-06-03,17:52:51
2022-06-05 11:21:15,outgoing,15,U5052789701,2022-06-05,11:21:15
2022-06-05 12:54:22,incoming,15,U5052789701,2022-06-05,12:54:22
2022-10-11 13:04:58,outgoing,54,U6623333178,2022-10-11,13:04:58
2022-08-09 21:11:30,outgoing,4187,U6200731616,2022-08-09,21:11:30
2022-08-10 14:12:56,outgoing,1637,U6200731616,2022-08-10,14:12:56
2022-08-10 14:18:26,outgoing,55,U6200731616,2022-08-10,14:18:26
2022-08-10 19:41:24,outgoing,8924,U6200731616,2022-08-10,19:41:24
2022-06-27 11:43:14,outgoing,99,U0691849531,2022-06-27,11:43:14
2022-06-27 17:26:18,outgoing,112,U0691849531,2022-06-27,17:26:18
2022-07-23 14:41:42,outgoing,16,U5052789701,2022-07-23,14:41:42
2022-07-23 14:42:23,outgoing,34,U5052789701,2022-07-23,14:42:23
2022-07-03 21:59:58,missed,0,U5052789701,2022-07-03,21:59:58
2022-07-04 10:02:45,incoming,45,U5052789701,2022-07-04,10:02:45
2022-07-04 10:52:44,incoming,22,U5052789701,2022-07-04,10:52:44
2022-07-04 11:16:50,incoming,36,U5052789701,2022-07-04,11:16:50
2022-07-04 11:16:50,incoming,36,U5052789701,2022-07-04,11:16:50
2022-07-04 13:00:04,outgoing,4,U5052789701,2022-07-04,13:00:04
2022-07-04 13:10:48,outgoing,48,U5052789701,2022-07-04,13:10:48
2022-07-04 13:26:00,outgoing,46,U5052789701,2022-07-04,13:26:00
2022-07-04 13:35:21,incoming,19,U5052789701,2022-07-04,13:35:21
2022-07-04 14:21:29,incoming,24,U5052789701,2022-07-04,14:21:29
2022-07-04 14:33:42,outgoing,0,U5052789701,2022-07-04,14:33:42
2022-07-04 14:37:15,incoming,29,U5052789701,2022-07-04,14:37:15
2022-07-04 14:43:57,outgoing,57,U5052789701,2022-07-04,14:43:57
2022-09-18 16:11:53,incoming,1066,U0691849531,2022-09-18,16:11:53
2022-07-11 09:07:22,outgoing,96,U0691849531,2022-07-11,09:07:22
2022-07-11 09:53:41,outgoing,6,U0691849531,2022-07-11,09:53:41
2022-07-11 09:56:34,outgoing,6,U0691849531,2022-07-11,09:56:34
2022-07-11 10:01:07,outgoing,3,U0691849531,2022-07-11,10:01:07
2022-07-11 10:05:19,incoming,202,U0691849531,2022-07-11,10:05:19
2022-07-11 10:10:30,outgoing,45,U0691849531,2022-07-11,10:10:30
2022-07-11 14:23:35,outgoing,67,U0691849531,2022-07-11,14:23:35
2022-07-11 14:26:33,outgoing,2,U0691849531,2022-07-11,14:26:33
2022-07-11 14:27:37,outgoing,61,U0691849531,2022-07-11,14:27:37
2022-07-11 14:30:34,outgoing,174,U0691849531,2022-07-11,14:30:34
2022-07-11 15:34:30,outgoing,17,U0691849531,2022-07-11,15:34:30
2022-07-11 16:35:52,outgoing,41,U0691849531,2022-07-11,16:35:52
2022-07-11 16:42:05,outgoing,368,U0691849531,2022-07-11,16:42:05
2022-09-08 09:38:17,incoming,1,U6200731616,2022-09-08,09:38:17
2022-09-08 09:42:29,outgoing,73,U6200731616,2022-09-08,09:42:29
2022-10-01 06:49:22,outgoing,1,U6200731616,2022-10-01,06:49:22
2022-10-01 06:49:30,outgoing,1,U6200731616,2022-10-01,06:49:30
2022-10-01 06:51:16,outgoing,1,U6200731616,2022-10-01,06:51:16
2022-10-01 08:21:47,outgoing,2,U6200731616,2022-10-01,08:21:47
2022-10-01 08:21:53,outgoing,0,U6200731616,2022-10-01,08:21:53
2022-06-09 09:54:39,incoming,33,U5052789701,2022-06-09,09:54:39
2022-06-09 11:39:16,missed,0,U5052789701,2022-06-09,11:39:16
2022-06-09 13:28:25,outgoing,46,U5052789701,2022-06-09,13:28:25
2022-06-15 10:35:57,incoming,905,U0691849531,2022-06-15,10:35:57
2022-06-15 12:37:41,outgoing,146,U0691849531,2022-06-15,12:37:41
2022-06-15 13:10:21,outgoing,7,U0691849531,2022-06-15,13:10:21
2022-06-15 13:11:30,incoming,47,U0691849531,2022-06-15,13:11:30
2022-06-15 13:16:30,outgoing,290,U0691849531,2022-06-15,13:16:30
2022-10-08 08:28:23,incoming,17,U6200731616,2022-10-08,08:28:23
2022-09-29 21:07:01,outgoing,3,U6200731616,2022-09-29,21:07:01
2022-09-29 21:09:10,outgoing,3,U6200731616,2022-09-29,21:09:10
2022-09-30 05:52:05,incoming,32,U6200731616,2022-09-30,05:52:05
2022-09-30 06:00:32,incoming,46,U6200731616,2022-09-30,06:00:32
2022-09-07 18:42:10,incoming,494,U6200731616,2022-09-07,18:42:10
2022-07-07 06:04:41,outgoing,2,U5052789701,2022-07-07,06:04:41
2022-08-06 21:02:46,outgoing,40,U5052789701,2022-08-06,21:02:46
2022-08-06 21:03:24,outgoing,35,U5052789701,2022-08-06,21:03:24
2022-08-06 21:22:55,outgoing,37,U5052789701,2022-08-06,21:22:55
2022-08-07 07:21:31,outgoing,21,U5052789701,2022-08-07,07:21:31
2022-08-29 08:39:56,outgoing,178,U0691849531,2022-08-29,08:39:56
2022-08-29 11:39:44,incoming,151,U0691849531,2022-08-29,11:39:44
2022-08-29 11:52:47,incoming,31,U0691849531,2022-08-29,11:52:47
2022-08-29 11:59:48,incoming,47,U0691849531,2022-08-29,11:59:48
2022-08-20 12:27:16,outgoing,84,U0691849531,2022-08-20,12:27:16
2022-08-03 13:16:28,outgoing,40,U5052789701,2022-08-03,13:16:28
2022-07-24 21:27:25,outgoing,34,U5052789701,2022-07-24,21:27:25
2022-07-25 14:59:23,outgoing,33,U5052789701,2022-07-25,14:59:23
2022-10-06 21:14:03,outgoing,633,U6200731616,2022-10-06,21:14:03
2022-10-06 21:15:19,outgoing,64,U6200731616,2022-10-06,21:15:19
2022-10-06 21:17:33,outgoing,4,U6200731616,2022-10-06,21:17:33
2022-10-07 08:21:44,outgoing,139,U6200731616,2022-10-07,08:21:44
2022-10-07 15:18:09,incoming,51,U6200731616,2022-10-07,15:18:09
2022-10-07 17:23:36,outgoing,3,U6200731616,2022-10-07,17:23:36
2022-10-07 17:24:28,outgoing,45,U6200731616,2022-10-07,17:24:28
2022-10-07 17:29:58,incoming,79,U6200731616,2022-10-07,17:29:58
2022-10-07 18:04:55,incoming,43,U6200731616,2022-10-07,18:04:55
2022-10-07 19:31:10,outgoing,164,U6200731616,2022-10-07,19:31:10
2022-09-10 07:32:19,outgoing,9,U6200731616,2022-09-10,07:32:19
2022-09-10 07:57:41,outgoing,26,U6200731616,2022-09-10,07:57:41
2022-09-10 08:10:06,outgoing,34,U6200731616,2022-09-10,08:10:06
2022-09-10 09:35:05,outgoing,21,U6200731616,2022-09-10,09:35:05
2022-07-31 14:11:58,outgoing,53,U5052789701,2022-07-31,14:11:58
2022-09-16 14:54:19,outgoing,7,U6200731616,2022-09-16,14:54:19
2022-09-16 14:54:50,outgoing,10,U6200731616,2022-09-16,14:54:50
2022-09-16 14:58:35,outgoing,41,U6200731616,2022-09-16,14:58:35
2022-09-16 18:43:05,outgoing,4,U6200731616,2022-09-16,18:43:05
2022-09-16 18:44:29,outgoing,4,U6200731616,2022-09-16,18:44:29
2022-06-18 10:41:04,outgoing,38,U5052789701,2022-06-18,10:41:04
2022-06-18 10:41:45,outgoing,38,U5052789701,2022-06-18,10:41:45
2022-06-18 10:42:50,outgoing,40,U5052789701,2022-06-18,10:42:50
2022-09-29 06:30:05,incoming,32,U6200731616,2022-09-29,06:30:05
2022-09-29 09:43:06,incoming,112,U6200731616,2022-09-29,09:43:06
2022-09-29 09:46:38,incoming,9,U6200731616,2022-09-29,09:46:38
2022-09-29 13:50:57,outgoing,13,U6200731616,2022-09-29,13:50:57
2022-09-29 19:56:10,outgoing,20,U6200731616,2022-09-29,19:56:10
2022-09-29 19:57:59,incoming,10,U6200731616,2022-09-29,19:57:59
2022-06-07 07:04:16,outgoing,16,U5052789701,2022-06-07,07:04:16
2022-08-26 19:30:38,outgoing,1443,U0691849531,2022-08-26,19:30:38
2022-08-26 19:42:45,incoming,423,U0691849531,2022-08-26,19:42:45
2022-08-16 07:35:44,outgoing,11,U6200731616,2022-08-16,07:35:44
2022-08-16 08:04:53,outgoing,3,U6200731616,2022-08-16,08:04:53
2022-08-16 08:05:26,outgoing,21,U6200731616,2022-08-16,08:05:26
2022-08-16 13:33:43,incoming,13,U6200731616,2022-08-16,13:33:43
2022-08-02 10:54:23,incoming,36,U5052789701,2022-08-02,10:54:23
2022-08-02 15:21:27,outgoing,27,U5052789701,2022-08-02,15:21:27
2022-05-25 06:01:57,incoming,44,U0691849531,2022-05-25,06:01:57
2022-05-25 06:17:44,incoming,20,U0691849531,2022-05-25,06:17:44
2022-05-25 08:40:02,incoming,69,U0691849531,2022-05-25,08:40:02
2022-05-25 08:50:57,incoming,655,U0691849531,2022-05-25,08:50:57
2022-05-25 08:52:30,incoming,13,U0691849531,2022-05-25,08:52:30
2022-05-25 08:54:46,incoming,126,U0691849531,2022-05-25,08:54:46
2022-05-25 09:35:53,incoming,175,U0691849531,2022-05-25,09:35:53
2022-05-25 11:59:54,incoming,13,U0691849531,2022-05-25,11:59:54
2022-05-25 13:19:03,outgoing,3,U0691849531,2022-05-25,13:19:03
2022-05-25 13:19:13,outgoing,3,U0691849531,2022-05-25,13:19:13
2022-05-25 13:32:10,outgoing,5,U0691849531,2022-05-25,13:32:10
2022-05-25 14:05:22,outgoing,1944,U0691849531,2022-05-25,14:05:22
2022-05-25 14:06:19,outgoing,3,U0691849531,2022-05-25,14:06:19
2022-05-25 14:06:28,outgoing,5,U0691849531,2022-05-25,14:06:28
2022-05-25 14:10:32,outgoing,4,U0691849531,2022-05-25,14:10:32
2022-05-25 14:15:29,incoming,48,U0691849531,2022-05-25,14:15:29
2022-05-25 14:16:41,outgoing,3,U0691849531,2022-05-25,14:16:41
2022-05-25 14:23:12,incoming,12,U0691849531,2022-05-25,14:23:12
2022-05-25 15:35:36,outgoing,511,U0691849531,2022-05-25,15:35:36
2022-05-25 16:10:28,outgoing,5,U0691849531,2022-05-25,16:10:28
2022-05-25 16:55:49,incoming,324,U0691849531,2022-05-25,16:55:49
2022-05-25 16:56:37,outgoing,33,U0691849531,2022-05-25,16:56:37
2022-06-16 08:59:47,outgoing,41,U0691849531,2022-06-16,08:59:47
2022-06-16 09:56:55,outgoing,109,U0691849531,2022-06-16,09:56:55
2022-06-16 12:36:39,incoming,21,U0691849531,2022-06-16,12:36:39
2022-06-16 14:40:39,incoming,460,U0691849531,2022-06-16,14:40:39
2022-06-16 15:01:15,incoming,43,U0691849531,2022-06-16,15:01:15
2022-06-16 15:03:39,outgoing,1,U0691849531,2022-06-16,15:03:39
2022-06-16 15:05:49,outgoing,32,U0691849531,2022-06-16,15:05:49
2022-06-16 15:08:31,outgoing,2,U0691849531,2022-06-16,15:08:31
2022-06-16 15:10:22,incoming,24,U0691849531,2022-06-16,15:10:22
2022-06-16 15:13:00,outgoing,17,U0691849531,2022-06-16,15:13:00
2022-06-16 15:52:26,outgoing,25,U0691849531,2022-06-16,15:52:26
2022-06-16 17:40:22,incoming,37,U0691849531,2022-06-16,17:40:22
2022-06-16 20:58:22,incoming,10,U0691849531,2022-06-16,20:58:22
2022-07-13 13:39:16,incoming,8,U5052789701,2022-07-13,13:39:16
2022-07-13 14:01:49,incoming,25,U5052789701,2022-07-13,14:01:49
2022-07-13 14:07:50,missed,0,U5052789701,2022-07-13,14:07:50
2022-07-13 18:38:11,outgoing,52,U5052789701,2022-07-13,18:38:11
2022-07-13 18:51:41,incoming,39,U5052789701,2022-07-13,18:51:41
2022-07-13 19:18:28,outgoing,28,U5052789701,2022-07-13,19:18:28
2022-07-13 19:47:40,outgoing,34,U5052789701,2022-07-13,19:47:40
2022-08-27 20:02:17,outgoing,1,U0691849531,2022-08-27,20:02:17
2022-06-12 08:19:38,incoming,0,U0691849531,2022-06-12,08:19:38
2022-06-12 08:59:55,outgoing,2411,U0691849531,2022-06-12,08:59:55
2022-06-12 13:19:01,incoming,2463,U0691849531,2022-06-12,13:19:01
2022-05-28 07:47:29,outgoing,191,U0691849531,2022-05-28,07:47:29
2022-05-28 12:35:38,incoming,765,U0691849531,2022-05-28,12:35:38
2022-05-28 17:02:45,outgoing,2258,U0691849531,2022-05-28,17:02:45
2022-06-24 21:14:13,outgoing,0,U5052789701,2022-06-24,21:14:13
2022-06-24 21:21:22,outgoing,40,U5052789701,2022-06-24,21:21:22
2022-06-25 14:03:36,incoming,11,U5052789701,2022-06-25,14:03:36
2022-06-25 17:21:39,outgoing,23,U5052789701,2022-06-25,17:21:39
2022-08-18 21:03:55,outgoing,23,U0691849531,2022-08-18,21:03:55
2022-08-18 21:18:48,outgoing,31,U0691849531,2022-08-18,21:18:48
2022-08-18 21:27:05,incoming,60,U0691849531,2022-08-18,21:27:05
2022-08-18 22:41:28,outgoing,27,U0691849531,2022-08-18,22:41:28
2022-08-19 11:50:04,outgoing,1483,U0691849531,2022-08-19,11:50:04
2022-10-02 17:20:40,incoming,30,U0691849531,2022-10-02,17:20:40
2022-06-10 10:26:09,incoming,42,U5052789701,2022-06-10,10:26:09
2022-06-10 16:20:27,outgoing,26,U5052789701,2022-06-10,16:20:27
2022-06-10 16:20:27,outgoing,26,U5052789701,2022-06-10,16:20:27
2022-06-10 16:21:17,outgoing,35,U5052789701,2022-06-10,16:21:17
2022-06-10 16:21:17,outgoing,35,U5052789701,2022-06-10,16:21:17
2022-06-10 16:21:57,outgoing,36,U5052789701,2022-06-10,16:21:57
2022-06-10 16:21:57,outgoing,36,U5052789701,2022-06-10,16:21:57
2022-06-10 16:22:42,outgoing,4,U5052789701,2022-06-10,16:22:42
2022-06-10 16:22:42,outgoing,4,U5052789701,2022-06-10,16:22:42
2022-07-29 19:36:45,incoming,16,U5052789701,2022-07-29,19:36:45
2022-06-25 21:01:47,outgoing,2216,U0691849531,2022-06-25,21:01:47
2022-06-26 07:13:28,incoming,434,U0691849531,2022-06-26,07:13:28
2022-06-26 08:06:46,outgoing,414,U0691849531,2022-06-26,08:06:46
2022-06-26 08:24:45,outgoing,27,U0691849531,2022-06-26,08:24:45
2022-06-26 12:07:40,outgoing,18,U0691849531,2022-06-26,12:07:40
2022-06-26 12:08:19,outgoing,4,U0691849531,2022-06-26,12:08:19
2022-06-26 12:19:27,outgoing,5,U0691849531,2022-06-26,12:19:27
2022-06-26 12:30:02,outgoing,254,U0691849531,2022-06-26,12:30:02
2022-06-26 12:42:40,incoming,30,U0691849531,2022-06-26,12:42:40
2022-06-26 13:00:44,outgoing,50,U0691849531,2022-06-26,13:00:44
2022-06-26 19:05:41,incoming,113,U0691849531,2022-06-26,19:05:41
2022-06-26 19:11:48,outgoing,51,U0691849531,2022-06-26,19:11:48
2022-09-22 21:37:22,incoming,1036,U6200731616,2022-09-22,21:37:22
2022-09-23 14:30:50,incoming,1,U6200731616,2022-09-23,14:30:50
2022-09-23 14:31:51,outgoing,22,U6200731616,2022-09-23,14:31:51
2022-09-23 16:16:38,outgoing,4984,U6200731616,2022-09-23,16:16:38
2022-06-13 16:03:59,incoming,4156,U0691849531,2022-06-13,16:03:59
2022-07-24 16:58:54,outgoing,13,U0691849531,2022-07-24,16:58:54
2022-07-24 17:18:48,outgoing,75,U0691849531,2022-07-24,17:18:48
2022-07-24 17:22:47,outgoing,18,U0691849531,2022-07-24,17:22:47
2022-07-24 17:24:23,outgoing,36,U0691849531,2022-07-24,17:24:23
2022-07-24 17:25:09,outgoing,35,U0691849531,2022-07-24,17:25:09
2022-07-24 17:27:14,outgoing,37,U0691849531,2022-07-24,17:27:14
2022-07-24 17:31:37,incoming,31,U0691849531,2022-07-24,17:31:37
2022-09-09 16:01:42,incoming,68,U6200731616,2022-09-09,16:01:42
2022-09-09 16:33:58,outgoing,18,U6200731616,2022-09-09,16:33:58
2022-08-31 10:44:24,incoming,67,U0691849531,2022-08-31,10:44:24
2022-10-06 14:21:54,outgoing,5,U6200731616,2022-10-06,14:21:54
2022-10-06 18:18:26,incoming,11,U6200731616,2022-10-06,18:18:26
2022-10-06 19:41:42,incoming,131,U6200731616,2022-10-06,19:41:42
2022-10-06 19:42:06,incoming,9,U6200731616,2022-10-06,19:42:06
2022-10-06 19:46:12,incoming,117,U6200731616,2022-10-06,19:46:12
2022-06-30 08:01:24,missed,0,U5052789701,2022-06-30,08:01:24
2022-09-17 19:28:19,incoming,366,U6200731616,2022-09-17,19:28:19
2022-09-13 10:06:13,incoming,226,U6200731616,2022-09-13,10:06:13
2022-05-29 09:20:53,incoming,365,U0691849531,2022-05-29,09:20:53
2022-05-29 10:27:26,outgoing,3,U0691849531,2022-05-29,10:27:26
2022-05-29 10:28:02,outgoing,3,U0691849531,2022-05-29,10:28:02
2022-05-29 10:29:56,incoming,108,U0691849531,2022-05-29,10:29:56
2022-05-29 10:56:32,incoming,272,U0691849531,2022-05-29,10:56:32
2022-05-29 10:58:30,incoming,118,U0691849531,2022-05-29,10:58:30
2022-05-29 11:11:55,outgoing,310,U0691849531,2022-05-29,11:11:55
2022-05-29 11:30:56,outgoing,121,U0691849531,2022-05-29,11:30:56
2022-05-29 11:43:27,incoming,59,U0691849531,2022-05-29,11:43:27
2022-05-29 13:06:57,outgoing,151,U0691849531,2022-05-29,13:06:57
2022-05-29 14:20:45,outgoing,16,U0691849531,2022-05-29,14:20:45
2022-05-29 14:31:04,outgoing,18,U0691849531,2022-05-29,14:31:04
2022-05-29 14:34:54,incoming,48,U0691849531,2022-05-29,14:34:54
2022-05-29 14:58:33,incoming,64,U0691849531,2022-05-29,14:58:33
2022-05-29 14:59:06,outgoing,5,U0691849531,2022-05-29,14:59:06
2022-05-29 15:02:07,incoming,51,U0691849531,2022-05-29,15:02:07
2022-05-29 16:25:25,incoming,0,U0691849531,2022-05-29,16:25:25
2022-05-29 17:18:07,incoming,19,U0691849531,2022-05-29,17:18:07
2022-05-29 17:26:31,outgoing,204,U0691849531,2022-05-29,17:26:31
2022-07-16 10:46:14,incoming,56,U5052789701,2022-07-16,10:46:14
2022-07-16 10:55:55,incoming,54,U5052789701,2022-07-16,10:55:55
2022-07-16 14:28:54,incoming,56,U5052789701,2022-07-16,14:28:54
2022-09-01 11:56:22,outgoing,10,U0691849531,2022-09-01,11:56:22
2022-09-01 15:10:56,incoming,261,U0691849531,2022-09-01,15:10:56
2022-09-01 15:25:52,incoming,215,U0691849531,2022-09-01,15:25:52
2022-06-19 13:13:35,incoming,27,U0691849531,2022-06-19,13:13:35
2022-06-19 13:22:44,outgoing,3,U0691849531,2022-06-19,13:22:44
2022-06-19 14:27:16,incoming,280,U0691849531,2022-06-19,14:27:16
2022-06-19 15:43:04,incoming,10,U0691849531,2022-06-19,15:43:04
2022-06-19 16:42:28,outgoing,5,U0691849531,2022-06-19,16:42:28
2022-06-19 16:43:08,outgoing,5,U0691849531,2022-06-19,16:43:08
2022-06-19 16:44:34,outgoing,5,U0691849531,2022-06-19,16:44:34
2022-06-19 16:45:04,outgoing,22,U0691849531,2022-06-19,16:45:04
2022-08-12 16:03:51,incoming,6,U6200731616,2022-08-12,16:03:51
2022-08-12 16:27:14,outgoing,65,U6200731616,2022-08-12,16:27:14
2022-08-12 18:22:00,incoming,29,U6200731616,2022-08-12,18:22:00
2022-06-06 10:08:27,outgoing,49,U5052789701,2022-06-06,10:08:27
2022-06-06 10:10:58,outgoing,23,U5052789701,2022-06-06,10:10:58
2022-06-06 13:53:07,outgoing,36,U5052789701,2022-06-06,13:53:07
2022-06-06 20:34:14,incoming,38,U5052789701,2022-06-06,20:34:14
2022-07-30 16:05:35,incoming,3,U5052789701,2022-07-30,16:05:35
2022-09-02 09:20:45,outgoing,4876,U0691849531,2022-09-02,09:20:45
2022-06-13 21:13:25,incoming,1340,U0691849531,2022-06-13,21:13:25
2022-05-30 00:00:03,outgoing,39,U0691849531,2022-05-30,00:00:03
2022-05-30 00:08:26,outgoing,5,U0691849531,2022-05-30,00:08:26
2022-05-30 00:09:02,incoming,15,U0691849531,2022-05-30,00:09:02
2022-05-30 14:16:44,outgoing,4,U0691849531,2022-05-30,14:16:44
2022-05-30 17:08:47,incoming,189,U0691849531,2022-05-30,17:08:47
2022-05-30 20:23:14,outgoing,3,U0691849531,2022-05-30,20:23:14
2022-06-02 10:56:09,outgoing,13,U0691849531,2022-06-02,10:56:09
2022-06-02 17:58:18,incoming,176,U0691849531,2022-06-02,17:58:18
2022-06-02 18:06:36,outgoing,5,U0691849531,2022-06-02,18:06:36
2022-06-02 18:07:17,outgoing,3,U0691849531,2022-06-02,18:07:17
2022-06-02 18:08:03,outgoing,6,U0691849531,2022-06-02,18:08:03
2022-06-02 18:13:03,outgoing,288,U0691849531,2022-06-02,18:13:03
2022-06-02 18:15:35,outgoing,134,U0691849531,2022-06-02,18:15:35
2022-06-02 18:17:49,outgoing,109,U0691849531,2022-06-02,18:17:49
2022-05-31 21:01:49,incoming,559,U0691849531,2022-05-31,21:01:49
2022-06-01 07:34:46,outgoing,5,U0691849531,2022-06-01,07:34:46
2022-06-01 07:39:05,incoming,103,U0691849531,2022-06-01,07:39:05
2022-06-01 08:03:11,incoming,11,U0691849531,2022-06-01,08:03:11
2022-06-01 12:29:36,outgoing,75,U0691849531,2022-06-01,12:29:36
2022-06-01 13:14:36,outgoing,1881,U0691849531,2022-06-01,13:14:36
2022-06-01 13:26:40,incoming,700,U0691849531,2022-06-01,13:26:40
2022-07-14 12:10:42,incoming,2,U5052789701,2022-07-14,12:10:42
2022-06-20 16:01:17,outgoing,350,U0691849531,2022-06-20,16:01:17
2022-06-20 16:12:48,outgoing,75,U0691849531,2022-06-20,16:12:48
2022-06-20 16:15:03,outgoing,25,U0691849531,2022-06-20,16:15:03
2022-06-20 18:15:09,incoming,312,U0691849531,2022-06-20,18:15:09
